id,name,email,address,phone_number
401,Customer1,Customer1@example.com,Port Elgin,601-853-9913
402,Customer2,Customer2@example.com,Port Elgin,601-853-9914
403,Customer3,Customer3@example.com,Port Elgin,601-853-9915
404,Customer4,Customer4@example.com,Port Elgin,601-853-9916
405,Customer5,Customer5@example.com,Port Elgin,601-853-9917
406,Customer6,Customer6@example.com,Port Elgin,601-853-9918


2092,Customer4,Customer4@example.com,Port Elgin,601-853-9916
4324,Gail,gail.white@example.com,Savannah,(515)-783-0604
5882,Customer5,Customer5@example.com,Port Elgin,601-853-9917
8108,Emily,emily.pedersen@example.com,Ishoej,80226326
1743,Bekim,bekim.blanc@example.com,Veysonnaz,079 163 74 04
4151,????,ard.khwty@example.com,????????,051-44591523
8353,April,april.chavez@example.com,Traralgon,05-5463-9774
8450,Customer3,Customer3@example.com,Port Elgin,601-853-9915
3704,Customer1,Customer1@example.com,Port Elgin,601-853-9913
2586,Ebbe,ebbe.killi@example.com,Stjørdalshalsen,51757454
1470,Flenn,flenn.hunter@example.com,Fremont,(065)-817-7374
5541,Begüm,begum.kulaksizoglu@example.com,Adana,(602)-640-8611
7092,Ellen,ellen.stanley@example.com,Bunbury,09-2270-4309
5952,Mason,mason.hicks@example.com,Bozeman,(744)-869-5422
6176,Nurdan,nurdan.koybasi@example.com,Bursa,(807)-066-3484
9372,Özsu,ozsu.daglaroglu@example.com,Diyarbak?r,(303)-791-3201
3650,Cameron,cameron.jones@example.com,Wellington,(550)-923-8570
7702,Tilde,tilde.christiansen@example.com,Aarhus,64223556
3144,Amanda,amanda.ranta@example.com,Orimattila,08-659-218
9023,Hayley,hayley.king@example.com,Whanganui,(431)-287-0874
5607,Valeri,valeri.tillmann@example.com,Vohenstrauß,0720-6880497
7979,Mason,mason.bishop@example.com,Port Macquarie,05-2369-7885
6487,Teotónio,teotonio.mendes@example.com,Balneário Camboriú,(82) 6573-4176
7230,Egas,egas.oliveira@example.com,Uruguaiana,(57) 3378-2322
8861,Cameron,cameron.jones@example.com,Wellington,(550)-923-8570
7209,Ellen,ellen.stanley@example.com,Bunbury,09-2270-4309
7389,????,ard.khwty@example.com,????????,051-44591523
7212,Customer4,Customer4@example.com,Port Elgin,601-853-9916
4802,Valtteri,valtteri.ranta@example.com,Orimattila,07-466-307
1012,Amanda,amanda.ranta@example.com,Orimattila,08-659-218
5219,Nurdan,nurdan.koybasi@example.com,Bursa,(807)-066-3484
3918,Customer4,Customer4@example.com,Port Elgin,601-853-9916
7446,Emily,emily.pedersen@example.com,Ishoej,80226326
4896,Customer5,Customer5@example.com,Port Elgin,601-853-9917
2889,Begüm,begum.kulaksizoglu@example.com,Adana,(602)-640-8611
6380,Customer6,Customer6@example.com,Port Elgin,601-853-9918
7554,<EOF>,<EOF>,<EOF>,<EOF>
6340,Ebbe,ebbe.killi@example.com,Stjørdalshalsen,51757454
6470,Gail,gail.white@example.com,Savannah,(515)-783-0604
3756,Bekim,bekim.blanc@example.com,Veysonnaz,079 163 74 04
5673,Customer1,Customer1@example.com,Port Elgin,601-853-9913
4139,Customer1,Customer1@example.com,Port Elgin,601-853-9913
2405,Customer3,Customer3@example.com,Port Elgin,601-853-9915
7191,Mason,mason.hicks@example.com,Bozeman,(744)-869-5422
2278,<EOF>,<EOF>,<EOF>,<EOF>
1185,Customer3,Customer3@example.com,Port Elgin,601-853-9915
3913,Tilde,tilde.christiansen@example.com,Aarhus,64223556
4014,April,april.chavez@example.com,Traralgon,05-5463-9774
2164,Sisínio,sisinio.santos@example.com,Conselheiro Lafaiete,(99) 0476-2285
9674,Nicoline,nicoline.madsen@example.com,Jystrup,36715324
2747,Sven,sven.sanchez@example.com,Bergün/Bravuogn,077 845 44 32
8174,Pascoal,pascoal.pereira@example.com,Rio Grande,(68) 4083-0191
6062,Teotónio,teotonio.mendes@example.com,Balneário Camboriú,(82) 6573-4176
4344,Grace,grace.howard@example.com,Cashel,041-502-5155
1632,?????,mhn.mwswy@example.com,?????????,086-38376621
4020,Mason,mason.williams@example.com,Preston,017687 77844
5778,Kadir,kadir.aclan@example.com,Mu?la,(941)-793-2271
9686,Cenira,cenira.dacunha@example.com,Foz do Iguaçu,(79) 0435-6809
9932,Laurie,laurie.harcourt@example.com,Hampstead,433-713-1034
5973,Arthur,arthur.wagner@example.com,Evansville,(422)-030-5523
2691,Timothe,timothe.olivier@example.com,Boulogne-Billancourt,05-92-57-51-90
4507,Mackenzie,mackenzie.clarke@example.com,Auckland,(205)-682-2987
8248,Gabriel,gabriel.marie@example.com,Fort-de-France,01-10-56-92-11
5641,???,aasl.qsmy@example.com,?????????,019-88705629
7858,Darlene,darlene.williams@example.com,South Bend,(638)-915-5548
9286,Jeremy,jeremy.olivier@example.com,Gals,076 332 74 45
6200,????? ????,ftmhzhr.khrymy@example.com,??????,050-38860241
5750,Jasper,jasper.wright@example.com,Porirua,(557)-172-4069
6637,Oliver,oliver.korhonen@example.com,Kannonkoski,02-579-947
6705,Jonathan,jonathan.moya@example.com,Fuenlabrada,975-915-150
6306,Isaac,isaac.jackson@example.com,Gloucester,013873 27175
2798,Augustin,augustin.marie@example.com,Courbevoie,04-82-86-14-11
5923,Carmen,carmen.seldal@example.com,Jaren,80869920
5087,Branca,branca.santos@example.com,São Caetano do Sul,(59) 5333-9192
1870,Ian,ian.geppert@example.com,Wegberg,0330-3032274
9210,Ernest,ernest.vasquez@example.com,Perth,08-2406-5640
2809,?????,shyn.khrymy@example.com,??????,076-27703837
1443,Teka,teka.darosa@example.com,São Bernardo do Campo,(70) 5617-5022
8227,Olivia,olivia.williams@example.com,Wellington,(273)-734-5667
1582,Iwan,iwan.aslan@example.com,Ottersum,(297)-913-8800
9874,Minttu,minttu.palo@example.com,Toholampi,04-576-207
9053,Clemêncio,clemencio.silveira@example.com,Santana de Parnaíba,(22) 6026-4712
4651,Randy,randy.ryan@example.com,Stanley,(413)-007-5732
9409,Victoria,victoria.velasco@example.com,Córdoba,935-241-583
7871,Leentje,leentje.cecilia@example.com,Goingarijp,(257)-504-2731
5092,Hector,hector.mendez@example.com,Vigo,996-860-105
2290,Mia,mia.gagnon@example.com,Springfield,065-688-9890
3629,Janik,janik.deschamps@example.com,Niederbipp,079 786 18 28
7638,Ron,ron.wilson@example.com,Athlone,061-196-0914
8300,Raphaël,raphael.lefevre@example.com,Rueil-Malmaison,02-15-20-98-70
5467,Else,else.strunz@example.com,Birkenfeld,0836-2927329
1749,Louis,louis.jean-baptiste@example.com,Summerside,686-568-5327
4640,Menne,menne.leenman@example.com,Lobith,(708)-530-1792
4732,Alina,alina.hacker@example.com,Pulsnitz,0610-1347252
6718,Liam,liam.roy@example.com,Chesterville,043-539-2292
5633,Russell,russell.rose@example.com,Antioch,(022)-309-9503
2545,?????,pwry.jaafry@example.com,???,077-15605979
1930,Izzie,izzie.byrd@example.com,Rush,051-582-1482
9301,Samantha,samantha.hudson@example.com,Kingston upon Hull,015396 87127
2152,Hellmut,hellmut.rasche@example.com,Bad Tennstedt,0559-2315965
8137,Isaac,isaac.jones@example.com,Christchurch,(140)-750-7841
2593,Lilli,lilli.wijdeven@example.com,Lexmond,(087)-784-1294
7593,Sanni,sanni.hannula@example.com,Enontekiö,09-138-396
2689,Jackson,jackson.li@example.com,Gisborne,(521)-138-1988
2686,Eva,eva.miller@example.com,Coventry,015242 31104
7523,Asdrúbal,asdrubal.novaes@example.com,Franca,(47) 8743-4352
5993,Lois,lois.vargas@example.com,Burbank,(202)-245-9342
1400,????,shyl.aalyzdh@example.com,?????,080-23778786
2312,Rene,rene.wheeler@example.com,Geraldton,06-8637-9355
1144,Naja,naja.poulsen@example.com,Nykøbing F,09817282
2341,Serpil,serpil.schroder@example.com,Schkeuditz,0225-2720835
5459,Lorenz,lorenz.willems@example.com,Dorfen,0385-3784397
2059,Dominik,dominik.bjorgen@example.com,Bodø,79978977
9807,Nihal,nihal.ekici@example.com,Tekirda?,(848)-938-6289
1239,Sebastiano,sebastiano.roux@example.com,Rueyres,077 464 87 06
7748,Efe,efe.duygulu@example.com,Kilis,(647)-025-1494
3382,Bassarme,bassarme.darocha@example.com,Sete Lagoas,(50) 2508-7669
9412,Emre,emre.ercetin@example.com,Samsun,(789)-529-8356
1089,Arvin,arvin.larsen@example.com,Verdalen,53179874
6293,Arne,arne.flick@example.com,Hatzfeld (Eder),0620-8596097
3021,Jessie,jessie.ellis@example.com,Elk Grove,(863)-610-0977
5295,Charlotte,charlotte.roy@example.com,Sherbrooke,008-533-6282
3149,Isla,isla.niskanen@example.com,Eurajoki,06-122-282
8198,Gijsberta,gijsberta.vandervegte@example.com,Blaricum,(050)-509-2819
4045,????,ard.khwty@example.com,????????,051-44591523
6076,Flenn,flenn.hunter@example.com,Fremont,(065)-817-7374
8060,Mason,mason.bishop@example.com,Port Macquarie,05-2369-7885
4158,Ebbe,ebbe.killi@example.com,Stjørdalshalsen,51757454
6662,Ryder,ryder.tremblay@example.com,Clinton,178-647-7091
2962,Customer5,Customer5@example.com,Port Elgin,601-853-9917
8555,Ellen,ellen.stanley@example.com,Bunbury,09-2270-4309
2792,Customer1,Customer1@example.com,Port Elgin,601-853-9913
2546,Amanda,amanda.ranta@example.com,Orimattila,08-659-218
2240,Customer3,Customer3@example.com,Port Elgin,601-853-9915
4943,Customer1,Customer1@example.com,Port Elgin,601-853-9913
2892,Customer6,Customer6@example.com,Port Elgin,601-853-9918
3370,Eetu,eetu.lassila@example.com,Suonenjoki,03-184-048
2626,Violeta,violeta.michel@example.com,Herbetswil,078 446 74 08
8792,Rafael,rafael.jacobs@example.com,Longford,071-540-9188
2526,Natalie,natalie.martin@example.com,Masterton,(911)-578-1862
8736,Marjorie,marjorie.craig@example.com,Huntsville,(408)-096-0409
3269,Lisa,lisa.rhodes@example.com,Waterford,051-786-5507
5478,Fatma,fatma.vincent@example.com,Hedingen,076 404 11 51
6396,Michelle,michelle.jimenez@example.com,Cape Fear,(770)-059-8298
6243,Gail,gail.white@example.com,Savannah,(515)-783-0604
7181,Begüm,begum.kulaksizoglu@example.com,Adana,(602)-640-8611
2860,Customer5,Customer5@example.com,Port Elgin,601-853-9917
1049,Mason,mason.hicks@example.com,Bozeman,(744)-869-5422
6388,Customer3,Customer3@example.com,Port Elgin,601-853-9915
1442,Sylvio,sylvio.raupach@example.com,Weilburg,0724-0984768
3672,Eva,eva.mellemstrand@example.com,Isebakke,84729232
6823,Irena,irena.garnier@example.com,Poschiavo,078 660 26 36
5860,Oliver,oliver.singh@example.com,Radisson,223-259-4335
7141,Emily,emily.pedersen@example.com,Ishoej,80226326
2928,Bekim,bekim.blanc@example.com,Veysonnaz,079 163 74 04
9598,Customer4,Customer4@example.com,Port Elgin,601-853-9916
7151,????,mhy.mrdy@example.com,????????,033-90334645
4184,Customer2,Customer2@example.com,Port Elgin,601-853-9914
1694,Valeri,valeri.tillmann@example.com,Vohenstrauß,0720-6880497
4140,Topias,topias.jarvi@example.com,Kempele,07-294-083
7953,Jeremy,jeremy.vasquez@example.com,Portsmouth,015396 67925
8536,Vilma,vilma.wirtanen@example.com,Kiuruvesi,06-245-545
6119,Nurdan,nurdan.koybasi@example.com,Bursa,(807)-066-3484
3911,Cameron,cameron.jones@example.com,Wellington,(550)-923-8570
1776,Özsu,ozsu.daglaroglu@example.com,Diyarbak?r,(303)-791-3201
4154,Istvan,istvan.weide@example.com,Stollberg/Erzgeb.,0547-0943729
3221,Dean,dean.lopez@example.com,Brownsville,(460)-489-5918
3341,Nurdan,nurdan.mayhos@example.com,Nev?ehir,(611)-318-4452
8766,Adeline,adeline.renard@example.com,Emmen,076 043 28 06
2942,Ernst-August,ernst-august.trager@example.com,Segeberg,0657-3490629
5012,Raul,raul.cabrera@example.com,Bilbao,916-006-487
1935,Branko,branko.linnemann@example.com,Mecklenburg-Strelitz,0697-7786172
8322,<EOF>,<EOF>,<EOF>,<EOF>
2726,Gene,gene.robinson@example.com,Edgewood,(254)-601-3338
